{"keyset": {"lweSecretKeys": [{"id": 0, "params": {"lweDimension": 964, "integerPrecision": 64, "keyType": "binary"}}], "lweBootstrapKeys": [], "lweKeyswitchKeys": [], "packingKeyswitchKeys": []}, "circuits": [{"inputs": [{"rawInfo": {"shape": {"dimensions": [100, 965]}, "integerPrecision": 64, "isSigned": false}, "typeInfo": {"lweCiphertext": {"abstractShape": {"dimensions": [100]}, "concreteShape": {"dimensions": [100, 965]}, "integerPrecision": 64, "encryption": {"keyId": 0, "variance": 4.977656645149155e-14, "lweDimension": 964, "modulus": {"modulus": {"native": {}}}}, "compression": "none", "encoding": {"integer": {"width": 12, "isSigned": false, "mode": {"native": {}}}}}}}], "outputs": [{"rawInfo": {"shape": {"dimensions": [965]}, "integerPrecision": 64, "isSigned": false}, "typeInfo": {"lweCiphertext": {"abstractShape": {"dimensions": []}, "concreteShape": {"dimensions": [965]}, "integerPrecision": 64, "encryption": {"keyId": 0, "variance": 4.977656645149155e-14, "lweDimension": 964, "modulus": {"modulus": {"native": {}}}}, "compression": "none", "encoding": {"integer": {"width": 12, "isSigned": false, "mode": {"native": {}}}}}}}], "name": "dot_product"}], "tfhers_specs": {"input_types_per_func": {"dot_product": [null]}, "output_types_per_func": {"dot_product": [null]}, "input_shapes_per_func": {"dot_product": [null]}, "output_shapes_per_func": {"dot_product": [null]}}}