{"keyset":{"lweSecretKeys":[{"id":0,"params":{"lweDimension":964,"integerPrecision":64,"keyType":"binary"}}],"lweBootstrapKeys":[],"lweKeyswitchKeys":[],"packingKeyswitchKeys":[]},"circuits":[{"inputs":[{"rawInfo":{"shape":{"dimensions":[100,965]},"integerPrecision":64,"isSigned":false},"typeInfo":{"lweCiphertext":{"abstractShape":{"dimensions":[100]},"concreteShape":{"dimensions":[100,965]},"integerPrecision":64,"encryption":{"keyId":0,"variance":4.9776566451491548e-14,"lweDimension":964,"modulus":{"modulus":{"native":{}}}},"compression":"none","encoding":{"integer":{"width":12,"isSigned":false,"mode":{"native":{}}}}}}}],"outputs":[{"rawInfo":{"shape":{"dimensions":[965]},"integerPrecision":64,"isSigned":false},"typeInfo":{"lweCiphertext":{"abstractShape":{"dimensions":[]},"concreteShape":{"dimensions":[965]},"integerPrecision":64,"encryption":{"keyId":0,"variance":4.9776566451491548e-14,"lweDimension":964,"modulus":{"modulus":{"native":{}}}},"compression":"none","encoding":{"integer":{"width":12,"isSigned":false,"mode":{"native":{}}}}}}}],"name":"dot_product"}]}